#,Player,Team(s),own goal
1,Richard Dunne,"Aston Villa,Queens Park Rangers,Manchester City",10
2,Dave Ewing,Manchester City,9
3,Jamie Carragher,Liverpool FC,7
,Phil Jagielka,"Everton FC,Sheffield United",7
,Zat Knight,"Bolton Wanderers,Fulham FC,Aston Villa",7
,Matt Woods,"Blackburn Rovers,Everton FC",7
7,Wes Brown,"Manchester United,Sunderland AFC",6
,Lewis Dunk *,Brighton & Hove Albion,6
,Mike England,"Tottenham Hotspur,Blackburn Rovers",6
,Rio Ferdinand,"Leeds United,Manchester United,West Ham United",6
,Herbert Jones,Blackburn Rovers,6
,Gareth McAuley,West Bromwich Albion,6
,Derek Mountfield,"Aston Villa,Everton FC",6
,Chris Nicholl,"Southampton FC,Aston Villa",6
,Ryan Shawcross,Stoke City,6
,Martin Škrtel,Liverpool FC,6
17,Henning Berg,"Manchester United,Blackburn Rovers",5
,Scott Dann *,"Blackburn Rovers,Crystal Palace,Birmingham City",5
,Dave Davidson,"Newcastle United,Liverpool FC",5
,Mike Doyle,"Manchester City,Stoke City",5
,Jonny Evans *,"Manchester United,Leicester City,West Bromwich Albion",5
,Terry Fenwick,"Tottenham Hotspur,Queens Park Rangers",5
,Stan Jones,West Bromwich Albion,5
,Bob McKinlay,Nottingham Forest,5
,Ken McNaught,"Aston Villa,Everton FC,West Bromwich Albion",5
,Ben Mee *,"Burnley FC,Brentford FC",5
,Gary Pallister,"Manchester United,Middlesbrough FC",5
,Frank Sinclair,"Chelsea FC,Leicester City",5
,Denis Smith,Stoke City,5
,Nobby Stiles,Manchester United,5
,Dave Watson,"Everton FC,Norwich City",5
,Mark Wright,"Derby County,Southampton FC,Liverpool FC",5
,Tommy Wright,Everton FC,5
34,Peter Baker,Tottenham Hotspur,4
,Phil Bardsley *,"Sunderland AFC,Burnley FC",4
,Ray Barlow,West Bromwich Albion,4
,George Berry,"Wolverhampton Wanderers,Stoke City",4
,Harry Betmead,Grimsby Town,4
,Adam Black,Leicester City,4
,Tiny Bradshaw,"Liverpool FC,Bury FC",4
,Titus Bramble,"Newcastle United,Sunderland AFC,Ipswich Town,Wigan Athletic",4
,Stan Charlton,"Arsenal FC,Leyton Orient",4
,Séamus Coleman *,Everton FC,4
,George Collin,Derby County,4
,Jody Craddock,"Sunderland AFC,Wolverhampton Wanderers",4
,Thomas Cummings,Burnley FC,4
,Ray Daniel,"Sunderland AFC,Arsenal FC",4
,Lucas Digne *,"Aston Villa,Everton FC",4
,Ray Evans,"Tottenham Hotspur,Stoke City",4
,Federico Fernández *,"Newcastle United,Swansea City",4
51,Roy Gratrix,Blackpool FC,4
,Paul Hart,"Leeds United,Nottingham Forest,Sheffield Wednesday",4
,Jos Hooiveld,Southampton FC,4
,Hermann Hreiðarsson,"Charlton Athletic,Ipswich Town,Portsmouth FC,Crystal Palace,Wimbledon FC",4
,Harry Hubbick,Bolton Wanderers,4
,Emlyn Hughes,"Liverpool FC,Wolverhampton Wanderers,Blackpool FC",4
,Norman Hunter,"Leeds United,Bristol City",4
,Mark Jones,Manchester United,4
,Martin Keown,"Arsenal FC,Aston Villa,Everton FC",4
,Mick Lyons,"Everton FC,Sheffield Wednesday",4
,Bob MacAulay,Chelsea FC,4
,Paul Madeley,Leeds United,4
,Alan McDonald,Queens Park Rangers,4
,Paul McGrath,"Manchester United,Aston Villa",4
,Jack Milburn,Leeds United,4
,Tyrone Mings *,"Aston Villa,AFC Bournemouth",4
,Frank Moss,Aston Villa,4
,Phil Neville,"Manchester United,Everton FC",4
,Andy O'Brien,"Newcastle United,Bolton Wanderers,Portsmouth FC,Bradford City",4
,John O'Shea,"Manchester United,Sunderland AFC",4
,John Paintsil,Fulham FC,4
,Stuart Pearce,"Newcastle United,West Ham United,Nottingham Forest,Coventry City",4
,Herbie Roberts,Arsenal FC,4
,David Rodgers,Bristol City,4
,Fred Sharman,Leicester City,4
,Chris Smalling *,"Manchester United,Fulham FC",4
,Trevor Smith,Birmingham City,4
,Bobby Stuart,Middlesbrough FC,4
,John Terry,Chelsea FC,4
,Colin Todd,"Derby County,Sunderland AFC,Everton FC",4
,Joe Walton,Preston North End,4
,Steve Watson,"Newcastle United,Aston Villa,Everton FC,West Bromwich Albion",4
,Graham Williams,West Bromwich Albion,4
,Kamil Zayatte,Hull City,4
85,Tony Adams,Arsenal FC,3
,George Aitken,Sunderland AFC,3
,Toby Alderweireld *,"Southampton FC,Tottenham Hotspur",3
,Tony Allen,Stoke City,3
,Jack Atkinson,Bolton Wanderers,3
,Reg Attwell,Burnley FC,3
,Chris Baird,Fulham FC,3
,Colin Baker,Cardiff City,3
,Ned Barkas,"Birmingham City,Huddersfield Town",3
,Malcolm Barrass,Bolton Wanderers,3
,Phil Beal,Tottenham Hotspur,3
,Jan Bednarek *,Southampton FC,3
,Melvyn Blyth,Crystal Palace,3
,Ken Branagan,Manchester City,3
,Shay Brennan,Manchester United,3
,Steve Bruce,"Manchester United,Norwich City",3
101,Kenny Burns,"Leeds United,Nottingham Forest,Birmingham City",3
,Terry Butcher,Ipswich Town,3
,Noel Cantwell,"Manchester United,West Ham United",3
,Scott Carson *,West Bromwich Albion,3
,Craig Cathcart *,"Watford FC,Blackpool FC",3
,Jack Charlton,Leeds United,3
,Harry Clarke,Tottenham Hotspur,3
,Steve Clarke,Chelsea FC,3
,Eddie Clayton,Tottenham Hotspur,3
,Conor Coady *,"Everton FC,Wolverhampton Wanderers",3
,Cec Coldwell,Sheffield United,3
,James Collins,"West Ham United,Aston Villa",3
,Eddie Colquhoun,"West Bromwich Albion,Sheffield United",3
,Jack Cork *,"Southampton FC,Swansea City,Burnley FC",3
,Warney Cresswell,Everton FC,3
,Walter Crook,Blackburn Rovers,3
,Graham Cross,Leicester City,3
,Kenny Cunningham,"Birmingham City,Wimbledon FC",3
,Norman Curtis,Sheffield Wednesday,3
,Kevin Davies,"Southampton FC,Bolton Wanderers,Blackburn Rovers",3
,Craig Dawson *,"West Ham United,Watford FC,West Bromwich Albion",3
,Mark Delaney,Aston Villa,3
,Mal Donaghy,"Manchester United,Chelsea FC,Luton Town",3
,Jimmy Dugdale,Aston Villa,3
,Joe Dunn,Preston North End,3
,Allan Evans,Aston Villa,3
,Anton Ferdinand,"Sunderland AFC,West Ham United,Queens Park Rangers",3
,Archie Gibson,Leeds United,3
,Matt Gillies,Bolton Wanderers,3
,Roy Goodall,Huddersfield Town,3
,Robert Green,"West Ham United,Queens Park Rangers",3
,Brian Greenhoff,"Leeds United,Manchester United",3
,Phil Gunter,Portsmouth FC,3
,Fred Hall,Sunderland AFC,3
,Cyril Hammond,Charlton Athletic,3
,Alan Hansen,Liverpool FC,3
,Gerry Harris,Wolverhampton Wanderers,3
,Ron Harris,Chelsea FC,3
,Colin Hendry,"Bolton Wanderers,Blackburn Rovers,Manchester City,Coventry City",3
,George Hepplewhite,Huddersfield Town,3
,Tony Hibbert,Everton FC,3
,Danny Higginbotham,"Derby County,Southampton FC,Sunderland AFC,Stoke City",3
,John Higgins,Bolton Wanderers,3
,Peter Hindley,"Nottingham Forest,Coventry City",3
,Marvin Hinton,Chelsea FC,3
,John Hodgson,Grimsby Town,3
,John Hollins,"Chelsea FC,Arsenal FC,Queens Park Rangers",3
,Dennis Hollywood,Southampton FC,3
,John Holsgrove,Wolverhampton Wanderers,3
,Mel Hopkins,Tottenham Hotspur,3
151,Aaron Hughes,"Newcastle United,Fulham FC,Aston Villa",3
,Laurie Hughes,Liverpool FC,3
,David Hunt,Notts County,3
,Allan Hunter,Ipswich Town,3
,Robert Huth,"Middlesbrough FC,Leicester City,Stoke City",3
,Alan Hutton,"Tottenham Hotspur,Aston Villa",3
,Peter Johnson,Sheffield Wednesday,3
,Roger Johnson,"Wolverhampton Wanderers,Birmingham City",3
,Phil Jones *,Manchester United,3
,Thomas Jones,Everton FC,3
,Harry Kane *,Tottenham Hotspur,3
,Michael Keane *,"Everton FC,Burnley FC",3
,Joe Kennedy,West Bromwich Albion,3
,Larry Lloyd,"Liverpool FC,Nottingham Forest,Coventry City",3
,Jack Mansell,"Portsmouth FC,Cardiff City",3
,Paul Mariner,"Arsenal FC,Ipswich Town,Portsmouth FC",3
,Con Martin,Aston Villa,3
,Mick McCarthy,"Manchester City,Millwall FC",3
,Joe McDonald,"Sunderland AFC,Nottingham Forest",3
,Jock McDougall,"Leeds United,Sunderland AFC",3
,Joe McLaughlin,"Chelsea FC,Charlton Athletic",3
,John McTavish,Manchester City,3
,Joe Mercer,"Arsenal FC,Everton FC",3
,Len Millard,West Bromwich Albion,3
,Liam O'Kane,Nottingham Forest,3
,Jonas Olsson,West Bromwich Albion,3
,Reg Osborne,Leicester City,3
,Russell Osman,"Southampton FC,Leicester City,Ipswich Town",3
,Calvin Palmer,"Sunderland AFC,Nottingham Forest,Stoke City",3
,Harry Parkes,Aston Villa,3
,Terry Phelan,"Manchester City,Wimbledon FC",3
,Len Quested,"Fulham FC,Huddersfield Town",3
,Alf Ramsey,Tottenham Hotspur,3
,Nicky Reid,Manchester City,3
,Alistair Robertson,West Bromwich Albion,3
,Dicky Robinson,Middlesbrough FC,3
,Peter Rodrigues,Leicester City,3
,Dennis Rofe,"Southampton FC,Leicester City",3
,Richard Rufus,Charlton Athletic,3
,Cecil Shaw,"West Bromwich Albion,Wolverhampton Wanderers",3
,George Shaw,West Bromwich Albion,3
,Bill Shorthouse,Wolverhampton Wanderers,3
,Peter Simpson,Arsenal FC,3
,Gareth Southgate,"Middlesbrough FC,Aston Villa,Crystal Palace",3
,Shaun Teale,Aston Villa,3
,Steve Terry,Watford FC,3
,Bobby Thomson,Wolverhampton Wanderers,3
,Andy Thorn,"Newcastle United,Crystal Palace,Wimbledon FC",3
,Kolo Touré,"Liverpool FC,Arsenal FC,Manchester City",3
,David Unsworth,"West Ham United,Everton FC,Portsmouth FC,Wigan Athletic",3
201,Des Walker,"Nottingham Forest,Sheffield Wednesday",3
,John Wark,"Liverpool FC,Ipswich Town",3
,David Webb,"Derby County,Chelsea FC,Southampton FC,Queens Park Rangers",3
,Bill Whare,Nottingham Forest,3
,Johnny Wheeler,Bolton Wanderers,3
,Arthur Willis,Tottenham Hotspur,3
,Billy Wright,Wolverhampton Wanderers,3
,Ron Yeats,Liverpool FC,3
,Alf Young,Huddersfield Town,3
210,Arthur Albiston,Manchester United,2
,Sam Allardyce,"Sunderland AFC,Bolton Wanderers,Coventry City",2
,John Angus,Burnley FC,2
,Jimmy Armfield,Blackpool FC,2
,Ken Armstrong,Chelsea FC,2
,Jimmy Ashall,Leeds United,2
, Azpilicueta *,Chelsea FC,2
,John Bailey,Everton FC,2
,Eric Bailly *,Manchester United,2
,John Ball,Bolton Wanderers,2
,George Barber,Chelsea FC,2
,Jack Barker,Derby County,2
,Jim Barrett,West Ham United,2
,Gareth Barry,"Aston Villa,Everton FC,West Bromwich Albion,Manchester City",2
,Brendon Batson,West Bromwich Albion,2
,Billy Baxter,Ipswich Town,2
,Andy Beattie,Preston North End,2
,James Beattie,"Southampton FC,Everton FC,Stoke City",2
,Kevin Beattie,Ipswich Town,2
,Paul Beesley,Sheffield United,2
,Dave Bell,"Derby County,Newcastle United",2
,Francis Benali,Southampton FC,2
,Ryan Bennett *,"Norwich City,Wolverhampton Wanderers",2
,John Beresford,Newcastle United,2
,Alan Birchenall,"Chelsea FC,Leicester City,Crystal Palace,Sheffield United",2
,Danny Blanchflower,"Tottenham Hotspur,Aston Villa",2
,Jeff Blockley,"Leicester City,Arsenal FC,Coventry City",2
,Stuart Boam,Middlesbrough FC,2
,George Boateng,"Middlesbrough FC,Aston Villa,Coventry City,Hull City",2
,Tony Book,Manchester City,2
,Harold Booton,Birmingham City,2
,Steve Bould,"Arsenal FC,Stoke City",2
,Mark Bowen,"Tottenham Hotspur,West Ham United,Norwich City",2
,Teddy Bowen,Aston Villa,2
,Emmerson Boyce,"Crystal Palace,Wigan Athletic",2
,Ian Branfoot,Sheffield Wednesday,2
,Colin Brazier,"Wolverhampton Wanderers,Birmingham City",2
,Frank Brennan,Newcastle United,2
,Ian Brightwell,Manchester City,2
,Ken Brown,West Ham United,2
,Martin Buchan,Manchester United,2
251,Mark Bunn,"Aston Villa,Norwich City",2
,Craig Burley,"Derby County,Chelsea FC",2
,Dennis Burnett,West Ham United,2
,Mush Callaghan,Aston Villa,2
,Sol Campbell,"Tottenham Hotspur,Arsenal FC,Portsmouth FC",2
,Sid Cann,Manchester City,2
,Horacio Carbonari,Derby County,2
,Johnny Carey,Manchester United,2
, Carlos Cuéllar,"Sunderland AFC,Aston Villa",2
,Billy Carr,Derby County,2
,Stephen Carr,"Newcastle United,Tottenham Hotspur,Birmingham City",2
,Ted Catlin,Sheffield Wednesday,2
,Tommy Caton,"Charlton Athletic,Arsenal FC,Manchester City,Oxford United",2
,Petr Čech,"Chelsea FC,Arsenal FC",2
,Len Chalmers,Leicester City,2
,Bob Chapman,Nottingham Forest,2
,Trevor Cherry,"Leeds United,Huddersfield Town",2
,James Chester *,Hull City,2
,Ciaran Clark *,"Newcastle United,Aston Villa",2
,Henry Cockburn,Manchester United,2
,Carlton Cole,"Chelsea FC,Charlton Athletic,West Ham United,Aston Villa",2
,Danny Collins,"Sunderland AFC,Stoke City",2
,Steve Cook *,AFC Bournemouth,2
,Mick Coop,Coventry City,2
,Terry Cooper,"Leeds United,Middlesbrough FC",2
,Sam Cowan,Manchester City,2
,Albert Cox,Sheffield United,2
,John Craven,"Coventry City,Crystal Palace,Blackpool FC",2
,Peter Croker,Charlton Athletic,2
,Ted Croker,Charlton Athletic,2
,John Crosland,Blackpool FC,2
,Peter Crouch,"Southampton FC,Liverpool FC,Tottenham Hotspur,Aston Villa,Portsmouth FC,Stoke City",2
,Stan Cullis,Wolverhampton Wanderers,2
,Jason Cundy,"Chelsea FC,Tottenham Hotspur",2
,Willie Cunningham,Preston North End,2
,Keith Curle,"Manchester City,Wimbledon FC",2
,Nikolaos Dabizas,"Newcastle United,Leicester City",2
,Curtis Davies *,"Aston Villa,West Bromwich Albion,Hull City",2
,Michael Dawson,"Tottenham Hotspur,Hull City",2
,Alan Deakin,Aston Villa,2
,Troy Deeney *,Watford FC,2
,Damien Delaney,Crystal Palace,2
,Fabian Delph,"Aston Villa,Manchester City",2
,Leander Dendoncker *,Wolverhampton Wanderers,2
,Jimmy Dickinson,Portsmouth FC,2
,Issa Diop *,"West Ham United,Fulham FC",2
,Sylvain Distin,"Everton FC,Manchester City,Portsmouth FC",2
,Lee Dixon,Arsenal FC,2
,Tommy Docherty,"Arsenal FC,Preston North End",2
,Alan Dodd,Stoke City,2
301,Bill Dodgin,Arsenal FC,2
,Abdoulaye Doucouré *,"Everton FC,Watford FC",2
,John Dreyer,"Bradford City,Luton Town,Oxford United",2
,Richard Dryden,"Southampton FC,Notts County",2
,Paul Dummett *,Newcastle United,2
,Seamus Dunne,Luton Town,2
,Tony Dunne,Manchester United,2
,Michael Duxbury,Manchester United,2
,Paul Dyson,"Coventry City,Stoke City",2
,Alf Earl,West Ham United,2
, Edu Gaspar,Arsenal FC,2
,Bryan Edwards,Bolton Wanderers,2
,Ugo Ehiogu,"Middlesbrough FC,Aston Villa",2
,Gary Elkins,Wimbledon FC,2
,John Elsworthy,Ipswich Town,2
,Michael Essien,Chelsea FC,2
,Wout Faes *,Leicester City,2
,David Fairhurst,Newcastle United,2
,Harry Ferrier,Portsmouth FC,2
,Gary Flitcroft,"Blackburn Rovers,Manchester City",2
,Tim Flowers,"Southampton FC,Blackburn Rovers",2
,Duncan Forbes,Norwich City,2
,Colin Foster,Nottingham Forest,2
,Winston Foster,Birmingham City,2
,Jim Fotheringham,Arsenal FC,2
,Neil Franklin,Stoke City,2
,Doug Fraser,"Nottingham Forest,West Bromwich Albion",2
,Daniel Gabbidon,"Queens Park Rangers,Crystal Palace",2
,Charlie Gallogly,Huddersfield Town,2
,Eddie Gannon,Sheffield Wednesday,2
,Brian Gayle,"Sheffield United,Wimbledon FC",2
,Steven Gerrard,Liverpool FC,2
,Shay Given,"Newcastle United,Stoke City",2
,Ben Godfrey *,"Everton FC,Norwich City",2
,Peter Goring,Arsenal FC,2
,Harry Goslin,Bolton Wanderers,2
,Andy Griffin,"Newcastle United,Portsmouth FC",2
,Bob Griffiths,Chelsea FC,2
,Tom Griffiths,"Middlesbrough FC,Bolton Wanderers,Everton FC",2
,Bryn Gunn,Nottingham Forest,2
,Jim Hagan,Birmingham City,2
,Grant Hanley *,"Blackburn Rovers,Norwich City",2
,George Hardwick,Middlesbrough FC,2
,Colin Harper,Ipswich Town,2
,Brian Harris,Everton FC,2
,Roy Hartle,Bolton Wanderers,2
,Joe Harvey,Newcastle United,2
,Bob Haworth,Bolton Wanderers,2
,Basil Hayward,Portsmouth FC,2
,Terry Hennessey,"Derby County,Nottingham Forest,Birmingham City",2
351,Ron Henry,Tottenham Hotspur,2
,Andy Hinchcliffe,"Everton FC,Sheffield Wednesday,Manchester City",2
,Wesley Hoedt *,Southampton FC,2
,Tom Holley,Leeds United,2
,Patrick Howard,Newcastle United,2
,Tim Howard,Everton FC,2
,Don Howe,Bolton Wanderers,2
,Jack Howe,Derby County,2
,Richard Hughes,Portsmouth FC,2
,Sami Hyypiä,Liverpool FC,2
,Jim Iley,"Newcastle United,Tottenham Hotspur,Nottingham Forest",2
,Cecil Irwin,Sunderland AFC,2
,Jussi Jääskeläinen,Bolton Wanderers,2
,Andreas Jakobsson,Southampton FC,2
,Joe James,Brentford FC,2
,Bob John,Arsenal FC,2
,Glen Johnson,"Chelsea FC,Liverpool FC,Portsmouth FC",2
,Marvin Johnson,Luton Town,2
,Paul Jones,Bolton Wanderers,2
,Younès Kaboul,"Tottenham Hotspur,Watford FC,Portsmouth FC",2
,Hugh Kelly,Blackpool FC,2
,Martin Kelly *,Crystal Palace,2
,Ned Kelly,Grimsby Town,2
,Roger Kenyon,Everton FC,2
,Alan Kimble,Wimbledon FC,2
,Phil King,Sheffield Wednesday,2
,Chris Kirkland,Wigan Athletic,2
,Aleksandar Kolarov,Manchester City,2
,Vincent Kompany,Manchester City,2
,Laurent Koscielny,Arsenal FC,2
,Tim Krul *,Norwich City,2
,Frank Lampard,West Ham United,2
,Jamaal Lascelles *,Newcastle United,2
,Jacob Laursen,Derby County,2
,Mark Lawrenson,"Liverpool FC,Brighton & Hove Albion",2
,William Leivers,Manchester City,2
,Jefferson Lerma *,AFC Bournemouth,2
,Joleon Lescott,"Aston Villa,Everton FC,West Bromwich Albion,Manchester City",2
,Victor Lindelöf *,Manchester United,2
,Alec Lindsay,Liverpool FC,2
,Claus Lundekvam,Southampton FC,2
,Dave MacKay,"Derby County,Tottenham Hotspur",2
,Danny Malloy,Cardiff City,2
,Terry Mancini,"Arsenal FC,Queens Park Rangers",2
,Frank Mann,Manchester United,2
, Manuel Almunia,Arsenal FC,2
,Scott Marshall,"Southampton FC,Arsenal FC",2
,Barrie Martin,Blackpool FC,2
,Reg Matthewson,Sheffield United,2
,Alfie Mawson *,Swansea City,2
401,John McAlle,Wolverhampton Wanderers,2
,John McClelland,Watford FC,2
,Andy McCluggage,Burnley FC,2
,Don McEvoy,"Sheffield Wednesday,Huddersfield Town",2
,Roy McFarland,Derby County,2
,Phil McKnight,Chelsea FC,2
,John McLaughlin,Everton FC,2
,Angus McLean,Wolverhampton Wanderers,2
,Alan McLeary,Millwall FC,2
,Alf McMichael,Newcastle United,2
,John McNamee,Newcastle United,2
,Paul McShane,"Sunderland AFC,Hull City",2
,Don Megson,Sheffield Wednesday,2
,Andy Melville,"Sunderland AFC,Fulham FC",2
,Geoff Merrick,Bristol City,2
, Mikel Arteta,"Arsenal FC,Everton FC",2
,Brian Miller,Burnley FC,2
,Mick Mills,"Southampton FC,Ipswich Town",2
,Stan Montgomery,Cardiff City,2
,Wes Morgan,Leicester City,2
,Dennis Mortimer,"Aston Villa,Coventry City",2
,John Mortimore,Chelsea FC,2
,Amos Moss,Aston Villa,2
,David Munks,Sheffield United,2
,Bill Murray,Sunderland AFC,2
,Kyle Naughton *,Swansea City,2
,Terry Neill,Arsenal FC,2
,Rob Newman,Norwich City,2
,Steve Nicol,Liverpool FC,2
,Peter Noble,"Newcastle United,Burnley FC",2
,Maurice Norman,Tottenham Hotspur,2
,Richie Norman,Leicester City,2
,Jack O'Donnell,"Everton FC,Blackpool FC",2
,Gary O'Reilly,"Tottenham Hotspur,Crystal Palace",2
,Nedum Onuoha,"Sunderland AFC,Queens Park Rangers,Manchester City",2
,André Ooijer,Blackburn Rovers,2
,Keith Osgood,"Derby County,Tottenham Hotspur,Coventry City",2
,Alpay Özalan,Aston Villa,2
,Geoffrey Palmer,Wolverhampton Wanderers,2
,Paul Parker,"Manchester United,Queens Park Rangers",2
,Robert Parker,"Coventry City,Carlisle United",2
,Tom Parker,Arsenal FC,2
,Derek Parkin,"Wolverhampton Wanderers,Stoke City",2
,Bill Pavitt,Fulham FC,2
,Trevor Peake,Coventry City,2
,Ian Pearce,"West Ham United,Blackburn Rovers,Fulham FC",2
,James Perch *,Newcastle United,2
,Harold Phipps,Charlton Athletic,2
,Emanuel Pogatetz,Middlesbrough FC,2
,John Polston,"Tottenham Hotspur,Norwich City",2
451,Tony Popovic,Crystal Palace,2
,Chris Powell,"Derby County,Charlton Athletic,Watford FC",2
,Tony Powell,Norwich City,2
,John Pratt,Tottenham Hotspur,2
,Michael Proctor,Sunderland AFC,2
,Darren Purse,"West Bromwich Albion,Birmingham City",2
,Lucas Radebe,Leeds United,2
,Alan Reeves,Wimbledon FC,2
,Winston Reid,West Ham United,2
,Pat Rice,"Arsenal FC,Watford FC",2
,Dean Richards,"Southampton FC,Tottenham Hotspur",2
,Bill Richardson,West Bromwich Albion,2
,Stan Rickaby,West Bromwich Albion,2
,Sam Ricketts,"Bolton Wanderers,Hull City",2
,Chris Riggott,"Derby County,Middlesbrough FC",2
,John Roberts,"Arsenal FC,Birmingham City",2
,Bobby Robson,"Fulham FC,West Bromwich Albion",2
,Glenn Roeder,"Newcastle United,Queens Park Rangers",2
,Liam Rosenior,"Fulham FC,Hull City",2
,Robert Roxburgh,Blackburn Rovers,2
,Antonio Rüdiger *,Chelsea FC,2
,David Sadler,Manchester United,2
,Mohammed Salisu *,Southampton FC,2
,Jlloyd Samuel,"Bolton Wanderers,Aston Villa",2
,Davinson Sánchez *,Tottenham Hotspur,2
,Teddy Sandford,West Bromwich Albion,2
,Kasper Schmeichel *,Leicester City,2
,Malcolm Scott,Newcastle United,2
,Mel Scott,Chelsea FC,2
,Cliff Sear,Manchester City,2
,Richard Shaw,Crystal Palace,2
,Eddie Shimwell,Blackpool FC,2
,Nicky Shorey,"West Bromwich Albion,Reading FC",2
,Craig Short,"Blackburn Rovers,Everton FC,Notts County",2
,Peter Sillett,Chelsea FC,2
,Trevor Sinclair,"West Ham United,Queens Park Rangers,Manchester City",2
,John Sjoberg,Leicester City,2
,Eric Skeels,Stoke City,2
,Tommy Smith,Liverpool FC,2
,Tomáš Souček *,West Ham United,2
,Jonathan Spector,West Ham United,2
,Cyril Spiers,Aston Villa,2
,Gary Sprake,"Leeds United,Birmingham City",2
,Gary Stevens,Everton FC,2
,Gary Stevens,"Tottenham Hotspur,Brighton & Hove Albion",2
,Henry Stewart,Huddersfield Town,2
,Peter Storey,Arsenal FC,2
,Eddie Stuart,Wolverhampton Wanderers,2
,Jihai Sun,Manchester City,2
,Maik Taylor,Birmingham City,2
501,Tommy Taylor,West Ham United,2
,Ben Thatcher,"Leicester City,Wimbledon FC",2
,Danny Thomas,"Tottenham Hotspur,Coventry City",2
,Percy Thorpe,Sheffield United,2
,Kieran Trippier *,"Newcastle United,Tottenham Hotspur,Burnley FC",2
,Matthew Upson,"Leicester City,West Ham United,Birmingham City,Stoke City",2
,Patrick van Aanholt *,"Sunderland AFC,Crystal Palace",2
,Mark Venus,Ipswich Town,2
,Thomas Vermaelen,Arsenal FC,2
,Steve Vickers,Middlesbrough FC,2
,George Vose,Manchester United,2
,Sam Wadsworth,Huddersfield Town,2
,Kyle Walker *,"Tottenham Hotspur,Aston Villa,Manchester City",2
,Jon Walters,Stoke City,2
,James Ward-Prowse *,Southampton FC,2
,Stephen Warnock,"Liverpool FC,Blackburn Rovers,Aston Villa",2
,Albert Watson,Blackpool FC,2
,Adam Webster *,Brighton & Hove Albion,2
,Wally Webster,Sheffield United,2
,Eric Westwood,Manchester City,2
,Ralph Wetton,Tottenham Hotspur,2
,Kenny Wharton,Newcastle United,2
,Stephen Wicks,"Chelsea FC,Queens Park Rangers",2
,John Wile,West Bromwich Albion,2
,Graham Wilkins,Chelsea FC,2
,Stuart Williams,West Bromwich Albion,2
,Jimmy Willis,Leicester City,2
,Len Wills,Arsenal FC,2
,Danny Winter,"Chelsea FC,Bolton Wanderers",2
,Billy Withaker,Middlesbrough FC,2
,Jonathan Woodgate,"Leeds United,Middlesbrough FC,Tottenham Hotspur,Stoke City",2
,Alan Woollett,Leicester City,2
,Richard Wright,"Arsenal FC,Everton FC",2
, Xabi Alonso,Liverpool FC,2
,Steve Yates,Queens Park Rangers,2
,DeAndre Yedlin *,Newcastle United,2
,Eddie Youds,"Charlton Athletic,Ipswich Town",2
,Pablo Zabaleta,"West Ham United,Manchester City",2
,Kurt Zouma *,"Chelsea FC,West Ham United,Everton FC,Stoke City",2
,Ronald Zubar,Wolverhampton Wanderers,2
541,Max Aarons *,Norwich City,1
,Ronald Abbott,Queens Park Rangers,1
, Abel Xavier,"Middlesbrough FC,Liverpool FC",1
,Gary Ablett,"Liverpool FC,Everton FC",1
,Tammy Abraham *,"Chelsea FC,Swansea City",1
,Micky Adams,"Southampton FC,Coventry City",1
,Jimmy Adamson,Burnley FC,1
,Tom Adamson,Bury FC,1
,Tosin Adarabioyo *,Fulham FC,1
,Emmanuel Adebayor,"Tottenham Hotspur,Arsenal FC,Manchester City,Crystal Palace",1
551,Daniel Agger,Liverpool FC,1
,Alan Ainscow,"Everton FC,Birmingham City",1
,Rayan Aït Nouri *,Wolverhampton Wanderers,1
,Mark Aizlewood,Charlton Athletic,1
,Ali Al Habsi,Wigan Athletic,1
,Antolín Alcaráz,"Everton FC,Wigan Athletic",1
,Terrence Alcock,Blackpool FC,1
,Peter Aldis,Aston Villa,1
, Alisson *,Liverpool FC,1
,Adam Allan,Sunderland AFC,1
,Jimmy Allen,"Aston Villa,Portsmouth FC",1
,Reg Allen,Manchester United,1
, Álvaro Fernández *,Brentford FC,1
,Fernando Amorebieta,Fulham FC,1
,Ethan Ampadu *,Sheffield United,1
,Joachim Andersen *,"Fulham FC,Crystal Palace",1
,Doug Anderson,Brentford FC,1
,Stan Anderson,"Newcastle United,Sunderland AFC",1
,Viv Anderson,"Manchester United,Arsenal FC,Nottingham Forest,Sheffield Wednesday",1
,Juan Pablo Ángel,Aston Villa,1
, Antonio Luna *,Aston Villa,1
,Colin Appleton,Leicester City,1
, Arbeloa,Liverpool FC,1
,Chris Armstrong,"Tottenham Hotspur,Crystal Palace",1
,Don Ashman,Middlesbrough FC,1
,Derek Ashton,Aston Villa,1
,Len Ashurst,Sunderland AFC,1
,John Aspinall,Bolton Wanderers,1
,Peter Atherton,"Sheffield Wednesday,Coventry City",1
,Paul Atkinson,Watford FC,1
,Pierre-Emerick Aubameyang *,"Chelsea FC,Arsenal FC",1
,Sèrge Aurier *,"Tottenham Hotspur,Nottingham Forest",1
, Ayoze Pérez *,"Newcastle United,Leicester City",1
,Demba Ba,"Chelsea FC,Newcastle United,West Ham United",1
,Phil Babb,"Sunderland AFC,Liverpool FC,Coventry City",1
,Dave Bacuzzi,Arsenal FC,1
,Len Badger,Sheffield United,1
,Gary Bailey,Manchester United,1
,Roy Bailey,Ipswich Town,1
,Leighton Baines,"Everton FC,Wigan Athletic",1
,David Bamber,Coventry City,1
,Gordon Banks,Stoke City,1
,David Bardsley,"Queens Park Rangers,Watford FC,Oxford United",1
,Sam Barkas,Manchester City,1
,Andrew Barlow,Oldham Athletic,1
,Ashley Barnes *,Burnley FC,1
,Kenneth Barnes,Manchester City,1
,Walley Barnes,Arsenal FC,1
,Laurie Barnett,Manchester City,1
,Leon Barnett,Norwich City,1
601,Colin Barrett,"Nottingham Forest,Manchester City",1
,Warren Barton,"Newcastle United,Wimbledon FC",1
,Sam Bartram,Charlton Athletic,1
,Michy Batshuayi *,"Chelsea FC,Crystal Palace",1
,Ron Batty,Newcastle United,1
,Bobby Baxter,Middlesbrough FC,1
,Michael Baxter,Middlesbrough FC,1
,Thomas Baxter,Blackburn Rovers,1
,Ronald Baynham,Luton Town,1
,Arthur Beachill,Stoke City,1
,Malcolm Beard,Birmingham City,1
,David Beckham,Manchester United,1
,George Beeson,Sheffield Wednesday,1
,Jim Beglin,Liverpool FC,1
,Anthony Bell,Newcastle United,1
,Willie Bell,"Leeds United,Leicester City",1
,Roy Bentley,"Chelsea FC,Fulham FC",1
,Mike Bernard,"Everton FC,Stoke City",1
,Alec Betton,Newcastle United,1
,Habib Beye,Newcastle United,1
,Ray Bilcliff,Middlesbrough FC,1
,Slaven Bilić,"West Ham United,Everton FC",1
,Peter Billing,Coventry City,1
,Cliff Binns,Blackburn Rovers,1
,John Bird,Newcastle United,1
,Ian Bishop,"West Ham United,Manchester City",1
,Sid Bishop,Leyton Orient,1
,Tyler Blackett,Manchester United,1
,Dean Blackwell,Wimbledon FC,1
,Jackie Blanchflower,Manchester United,1
,Colin Blant,Burnley FC,1
,Alan Bloor,Stoke City,1
,Ian Bolton,Watford FC,1
,John Bond,West Ham United,1
,Billy Bonds,West Ham United,1
,John Bone,Sunderland AFC,1
,Peter Bonetti,Chelsea FC,1
,Gaëtan Bong,Brighton & Hove Albion,1
, Bosingwa,Chelsea FC,1
,Mark Bosnich,Aston Villa,1
,David Bowen,Arsenal FC,1
,Jordan Bowery *,Aston Villa,1
,Stan Bowsher,Burnley FC,1
,Lee Bowyer,"Leeds United,Newcastle United,West Ham United,Birmingham City",1
,Mike Boyle,Bolton Wanderers,1
,Liam Brady,"West Ham United,Arsenal FC",1
,George Bray,Burnley FC,1
,John Bray,Manchester City,1
,John Bray,Blackburn Rovers,1
,Matt Brazier,Queens Park Rangers,1
651,Tim Breacker,"West Ham United,Luton Town",1
,Gary Breen,"Sunderland AFC,Coventry City",1
,Rufus Brevett,"Fulham FC,Queens Park Rangers",1
,Gordon Harry Joseph Brice,Wolverhampton Wanderers,1
,Liam Bridcutt *,Sunderland AFC,1
,Wayne Bridge,"Chelsea FC,Southampton FC",1
,Gary Briggs,Oxford United,1
,Cliff Britton,Everton FC,1
,Frank Britton,Blackburn Rovers,1
,Billy Brookes,West Bromwich Albion,1
,Laurie Brown,"Tottenham Hotspur,Arsenal FC",1
,Michael Brown,"Tottenham Hotspur,Fulham FC,Portsmouth FC",1
,Sandy Brown,Everton FC,1
,Stan Brown,Fulham FC,1
,Dietmar Bruck,Coventry City,1
,Kean Bryan *,Sheffield United,1
,Jack Burkitt,Nottingham Forest,1
,George Burley,Ipswich Town,1
,Dan Burn *,Brighton & Hove Albion,1
,Micky Burns,"Newcastle United,Middlesbrough FC,Blackpool FC",1
,David Burrows,"Liverpool FC,West Ham United,Coventry City",1
,Harry Burrows,"Aston Villa,Stoke City",1
,Jack Butland *,Stoke City,1
,Barry Butler,Sheffield Wednesday,1
,John Byrne,Queens Park Rangers,1
,Tony Byrne,Southampton FC,1
,Albert Cadwell,West Ham United,1
,Gary Cahill,"Chelsea FC,Bolton Wanderers,Aston Villa,Crystal Palace",1
,Colin Calderwood,Tottenham Hotspur,1
,Joe Calvert,Leicester City,1
,Esteban Cambiasso,Leicester City,1
,Danny Campbell,West Bromwich Albion,1
,Jock Campbell,Charlton Athletic,1
,Len Cantello,West Bromwich Albion,1
,Clarke Carlisle,Burnley FC,1
,Willie Carr,"Wolverhampton Wanderers,Coventry City",1
,Frank Carrodus,"Aston Villa,Manchester City",1
,Jesse Carver,Blackburn Rovers,1
,Tony Cascarino,"Chelsea FC,Aston Villa,Millwall FC",1
,Jimmy Case,"Southampton FC,Liverpool FC,Brighton & Hove Albion",1
,Steven Caulker,"Tottenham Hotspur,Queens Park Rangers,Cardiff City",1
, Cesc Fàbregas *,"Chelsea FC,Arsenal FC",1
,Trevoh Chalobah *,Chelsea FC,1
,Calum Chambers *,"Middlesbrough FC,Arsenal FC,Fulham FC,Aston Villa",1
,Fred Channell,Tottenham Hotspur,1
,Lee Chapman,"Leeds United,Sunderland AFC,West Ham United,Arsenal FC,Ipswich Town,Nottingham Forest,Sheffield Wednesday,Stoke City",1
,Gary Charles,"West Ham United,Aston Villa,Nottingham Forest",1
,Simon Charlton,"Southampton FC,Bolton Wanderers,Norwich City",1
,Ray Chatham,Wolverhampton Wanderers,1
,Steve Chettle,Nottingham Forest,1
701, Chico,Swansea City,1
,Pascal Chimbonda,"Tottenham Hotspur,Blackburn Rovers,Wigan Athletic",1
,Frank Clark,"Newcastle United,Nottingham Forest",1
,Jimmy Clark,Sunderland AFC,1
,Tommy Clay,Tottenham Hotspur,1
,Stephen Clemence,"Tottenham Hotspur,Birmingham City",1
,Dave Clement,Queens Park Rangers,1
,Dave Clements,"Everton FC,Coventry City",1
,Gaël Clichy *,"Arsenal FC,Manchester City",1
,George Clifford,Portsmouth FC,1
,Nathaniel Clyne *,"Southampton FC,Liverpool FC",1
,Sebastián Coates *,"Sunderland AFC,Liverpool FC",1
,Bill Cobley,Aston Villa,1
,Avi Cohen,Liverpool FC,1
,Fabricio Coloccini,Newcastle United,1
,Billy Cook,Everton FC,1
,Colin Cooper,"Middlesbrough FC,Nottingham Forest",1
,Tommy Cooper,Derby County,1
,Ron Cope,Manchester United,1
,Tony Coton,Manchester City,1
,Vladimír Coufal *,West Ham United,1
,David Court,Arsenal FC,1
,Charlie Cox,West Ham United,1
,Neil Cox,"Middlesbrough FC,Bolton Wanderers,Aston Villa",1
,Allan Craig,Chelsea FC,1
,Dave Craig,Newcastle United,1
,Tommy Craig,"Newcastle United,Aston Villa,Sheffield Wednesday",1
,Martin Cranie,Southampton FC,1
,Campbell Crawford,West Bromwich Albion,1
,Paddy Crerand,Manchester United,1
,Tommy Crilly,Derby County,1
,Jimmy Cringan,Birmingham City,1
,Jack Crompton,Manchester United,1
,David Cross,"West Ham United,Norwich City,West Bromwich Albion,Manchester City,Coventry City",1
,Mark Crossley,Nottingham Forest,1
,Laurie Crown,Bury FC,1
,Ian Culverhouse,Norwich City,1
,Jim Cumbes,West Bromwich Albion,1
,Sasa Ćurčić,"Bolton Wanderers,Crystal Palace",1
,George Curtis,Coventry City,1
,John Curtis,Leicester City,1
,Billy Cush,Leeds United,1
,Christian Dailly,"Derby County,West Ham United",1
,George Dalton,Newcastle United,1
,Peter Daniel,Wolverhampton Wanderers,1
, Daniel Ayala *,"Middlesbrough FC,Norwich City",1
,Julian Darby,Coventry City,1
,Karl Darlow *,Newcastle United,1
,Terry Darracott,Everton FC,1
,Calum Davenport,"Tottenham Hotspur,West Ham United",1
751, David Luiz,"Chelsea FC,Arsenal FC",1
,Dai Davies,Swansea City,1
,Roger Davies,"Derby County,Leicester City",1
,Simon Davies,"Tottenham Hotspur,Fulham FC,Everton FC",1
,Ian Dawes,"Queens Park Rangers,Millwall FC",1
,Andy Dawson,Hull City,1
, De Gea *,Manchester United,1
,Jonathan de Guzmán *,Swansea City,1
,Arjan de Zeeuw,Portsmouth FC,1
,Joe Dean,Bolton Wanderers,1
,Bill Dearden,Sheffield United,1
,Mathieu Debuchy *,"Newcastle United,Arsenal FC",1
,John Deehan,"Aston Villa,Norwich City,West Bromwich Albion",1
,Guy Demel,West Ham United,1
,Martín Demichelis,Manchester City,1
,John Dempsey,"Chelsea FC,Fulham FC",1
,Jason Denayer *,Sunderland AFC,1
,Marcel Desailly,Chelsea FC,1
,Andy Dibble,Manchester City,1
,Eric Dier *,Tottenham Hotspur,1
,Norman Dinsdale,Notts County,1
,Johan Djourou,Arsenal FC,1
,Martin Dobson,"Everton FC,Burnley FC",1
,Gary Doherty,"Tottenham Hotspur,Norwich City",1
,Matt Doherty *,"Tottenham Hotspur,Wolverhampton Wanderers",1
,Willie Donachie,Manchester City,1
,Robert Done,Liverpool FC,1
,Don Donovan,Everton FC,1
,Don Dorman,Birmingham City,1
,Bryan Douglas,Blackburn Rovers,1
,Stewart Downing,"Middlesbrough FC,Liverpool FC,West Ham United,Aston Villa",1
,Gregory Downs,"Norwich City,Coventry City",1
,Brian Doyle,Stoke City,1
,Lloyd Doyley,Watford FC,1
,Kevin Drinkell,"Norwich City,Coventry City",1
,Dion Dublin,"Manchester United,Aston Villa,Coventry City",1
,Damien Duff,"Chelsea FC,Newcastle United,Blackburn Rovers,Fulham FC",1
,Gordon Dugdale,Everton FC,1
,Albert Dunlop,Everton FC,1
,Jimmy Dunn,Leeds United,1
,Neal Eardley *,Blackpool FC,1
,Danny Edgar,Sunderland AFC,1
,Richard Edghill,Manchester City,1
,Paul Edwards,Manchester United,1
,Willis Edwards,Leeds United,1
,Talal El-Karkouri,Charlton Athletic,1
,Alex Elder,"Stoke City,Burnley FC",1
,Matt Elliott,Leicester City,1
,Ahmed Elmohamady,"Sunderland AFC,Aston Villa,Hull City",1
,George Elokobi,Wolverhampton Wanderers,1
801,Brett Emerton,Blackburn Rovers,1
,Peter Enckelman,Aston Villa,1
,Ernie England,Sunderland AFC,1
,Stefano Eranio,Derby County,1
,Lauren Etame Mayer,Arsenal FC,1
,Jason Euell,"Charlton Athletic,Wimbledon FC",1
,Tom Evans,Tottenham Hotspur,1
,Ian Evatt,Blackpool FC,1
,Patrice Evra,Manchester United,1
, Fábio Aurélio,Liverpool FC,1
,George Farm,Blackpool FC,1
,Syd Farrimond,Bolton Wanderers,1
,John Fashanu,"Aston Villa,Wimbledon FC",1
,Justin Fashanu,"Southampton FC,Nottingham Forest,Norwich City,Notts County",1
,Julien Faubert,West Ham United,1
,John Faulkner,"Leeds United,Luton Town",1
,Alejandro Faurlín,Queens Park Rangers,1
,Billy Felton,"Tottenham Hotspur,Manchester City",1
,Les Ferdinand,"Newcastle United,Leicester City,Tottenham Hotspur,West Ham United,Bolton Wanderers,Queens Park Rangers",1
,Bobby Ferguson,West Ham United,1
,Duncan Ferguson,"Newcastle United,Everton FC",1
, Fernandinho *,Manchester City,1
,Rob Finch,West Bromwich Albion,1
,Mark Fish,"Charlton Athletic,Bolton Wanderers",1
,John Fitzpatrick,Manchester United,1
,Mathieu Flamini,Arsenal FC,1
,Steven Fletcher *,"Sunderland AFC,Wolverhampton Wanderers,Burnley FC",1
,Billy Flint,Notts County,1
,Ron Flowers,Wolverhampton Wanderers,1
,Theo Foley,Northampton Town,1
,Alec Forbes,"Arsenal FC,Sheffield United",1
,Willy Forbes,"Wolverhampton Wanderers,Preston North End",1
,Fred Ford,Charlton Athletic,1
,Timothy Fosu-Mensah *,Fulham FC,1
,Hugh Foulkes,West Bromwich Albion,1
,Billy Frame,Leicester City,1
,Damien Francis,"Norwich City,Watford FC,Wigan Athletic",1
, Fred *,Manchester United,1
,Christian Fuchs,Leicester City,1
,Darnell Furlong *,West Bromwich Albion,1
,Paul Futcher,Manchester City,1
,Joseph Gallagher,Birmingham City,1
,William Gallas,"Chelsea FC,Tottenham Hotspur,Arsenal FC",1
,Richard García,Hull City,1
,Anthony Gardner,"Tottenham Hotspur,Hull City",1
,Craig Gardner,"Sunderland AFC,Aston Villa,West Bromwich Albion,Birmingham City",1
,Tommy Gardner,Aston Villa,1
,Paul Garner,Sheffield United,1
,Tommy Garrett,Blackpool FC,1
,Charlie George,"Derby County,Southampton FC,Arsenal FC",1
851,Irvin Gernon,Ipswich Town,1
,Kieran Gibbs *,Arsenal FC,1
,Colin Gibson,"Manchester United,Aston Villa",1
,Don Gibson,"Manchester United,Sheffield Wednesday",1
,Phil Gilchrist,"Leicester City,West Bromwich Albion",1
,Gary Gillespie,"Liverpool FC,Coventry City",1
,Donald Gillies,Bristol City,1
,Olivier Giroud *,"Chelsea FC,Arsenal FC",1
,Jon Gittens,Southampton FC,1
,Gaël Givet,Blackburn Rovers,1
,Ivan Golac,Southampton FC,1
,Alain Goma,"Newcastle United,Fulham FC",1
, Gomes,Watford FC,1
,Craig Gordon *,Sunderland AFC,1
,Jimmy Gorman,Blackburn Rovers,1
,Jonathan Gould,Coventry City,1
,Steve Goulding,Sheffield United,1
,Alan Gowling,"Manchester United,Newcastle United,Bolton Wanderers",1
,Danny Graham,"Sunderland AFC,Middlesbrough FC,Hull City,Swansea City",1
,Jackie Grant,Everton FC,1
,Andy Gray,"Tottenham Hotspur,Aston Villa,Queens Park Rangers,Crystal Palace",1
,Ian Greaves,Manchester United,1
,Colin Green,"Everton FC,Birmingham City",1
,Harry Gregg,Manchester United,1
,John Gregory,"Derby County,Aston Villa,Queens Park Rangers,Brighton & Hove Albion",1
,Vratislav Greško,Blackburn Rovers,1
,Pascal Groß *,Brighton & Hove Albion,1
,Jonathan Grounds *,Middlesbrough FC,1
, Guaita *,Crystal Palace,1
,Marc Guéhi *,Crystal Palace,1
, Guly,Southampton FC,1
,Brynjar Gunnarsson,Reading FC,1
,Steve Guppy,Leicester City,1
,Alex Hall,Sunderland AFC,1
,Dennis Hall,Portsmouth FC,1
,Fitz Hall,"Crystal Palace,Wigan Athletic",1
,Jeff Hall,Birmingham City,1
,Gunnar Halle,"Leeds United,Bradford City,Oldham Athletic",1
,Lol Hamlett,Bolton Wanderers,1
,Brede Hangeland,"Fulham FC,Crystal Palace",1
,Eddie Hapgood,Arsenal FC,1
,Mick Harford,"Derby County,Chelsea FC,Coventry City,Birmingham City,Luton Town,Wimbledon FC",1
,Alan Harper,"Everton FC,Sheffield Wednesday,Manchester City",1
,Alan Harrington,Cardiff City,1
,Allan Harris,Chelsea FC,1
,Gordon Harris,"Sunderland AFC,Burnley FC",1
,Joe Harris,Newcastle United,1
,Mike Harrison,"Chelsea FC,Blackburn Rovers",1
,Ernest Hart,Leeds United,1
,Ian Harte,Leeds United,1
901,Asa Hartford,"Everton FC,Norwich City,West Bromwich Albion,Manchester City",1
,Colin Harvey,Everton FC,1
,Martin Harvey,Sunderland AFC,1
,Jimmy Floyd Hasselbaink,"Leeds United,Chelsea FC,Middlesbrough FC,Charlton Athletic",1
,Alex Hastings,Sunderland AFC,1
,Tony Hateley,"Chelsea FC,Liverpool FC,Aston Villa,Coventry City",1
,David Hatton,"Bolton Wanderers,Blackpool FC",1
,Peter Hauser,Blackpool FC,1
,Philip Hawker,Birmingham City,1
,John Hawley,"Leeds United,Sunderland AFC,Arsenal FC",1
,Bill Hayes,Huddersfield Town,1
,Paul Haylock,Norwich City,1
,Alf Haynes,Arsenal FC,1
,Eric Hayward,Blackpool FC,1
,Bob Hazell,"Leicester City,Queens Park Rangers,Wolverhampton Wanderers",1
,Tom Heaton *,Aston Villa,1
,Jack Hebdon,West Ham United,1
, Héctor Bellerín *,Arsenal FC,1
,George Heinemann,Manchester City,1
,Johnny Heitinga,"Fulham FC,Everton FC",1
, Hélder Costa *,"Leeds United,Wolverhampton Wanderers",1
,Heiðar Helguson,"Bolton Wanderers,Fulham FC,Queens Park Rangers,Watford FC",1
,Stéphane Henchoz,Blackburn Rovers,1
,Billy Henderson,West Ham United,1
,Cucho Hernández *,Watford FC,1
,Emile Heskey,"Leicester City,Liverpool FC,Aston Villa,Birmingham City,Wigan Athletic",1
, Hierro,Bolton Wanderers,1
,George Higgins,Blackburn Rovers,1
,Clint Hill,Queens Park Rangers,1
,Wally Hindmarsh,Portsmouth FC,1
,Alf Hobson,Liverpool FC,1
,Steve Hodge,"Leeds United,Tottenham Hotspur,Aston Villa,Nottingham Forest",1
,Rob Holding *,Arsenal FC,1
,Mason Holgate *,Everton FC,1
,Reg Hollingworth,Wolverhampton Wanderers,1
,Jimmy Holmes,Sheffield United,1
,Jim Holton,"Manchester United,Coventry City",1
,Mark Hooper,Sheffield Wednesday,1
,Jeff Hopkins,Crystal Palace,1
,Kevin Horlock,"Manchester City,Swindon Town",1
,Mick Horswill,Manchester City,1
,Billy Hough,Preston North End,1
,Don Howe,"Arsenal FC,West Bromwich Albion",1
,Ernie Howe,Queens Park Rangers,1
,Stephen Howey,"Newcastle United,Leicester City,Manchester City",1
,Roger Hoy,"Tottenham Hotspur,Crystal Palace",1
,Tom Huddlestone *,"Tottenham Hotspur,Hull City",1
,Frank Hudspeth,Newcastle United,1
,Billy Hughes,Birmingham City,1
,Chris Hughton,Tottenham Hotspur,1
951,John Humphrey,"Charlton Athletic,Crystal Palace",1
,Bill Hunter,Birmingham City,1
,Charlie Hurley,Sunderland AFC,1
,Don Hutchison,"Sunderland AFC,Liverpool FC,West Ham United,Everton FC",1
,Jock Hutton,Blackburn Rovers,1
,Graham Hyde,Sheffield Wednesday,1
,Roger Hynd,Birmingham City,1
,Willie Imrie,"Newcastle United,Blackburn Rovers",1
,Paul Ince,"Manchester United,Middlesbrough FC,Liverpool FC,West Ham United,Wolverhampton Wanderers",1
,Ívar Ingimarsson,Reading FC,1
,Samuel Irvine,Stoke City,1
,Denis Irwin,Manchester United,1
,Peter Jackson,Newcastle United,1
,Hughie Jacobson,Grimsby Town,1
,Radhi Jaïdi,Bolton Wanderers,1
,George Jakeman,Aston Villa,1
,Edward James,Blackpool FC,1
,Reece James *,Chelsea FC,1
,Daryl Janmaat,"Newcastle United,Watford FC",1
,Syd Jarvis,Middlesbrough FC,1
,Derek Jeffries,Manchester City,1
,Carl Jenkinson *,"West Ham United,Arsenal FC",1
,Brian Jensen,Burnley FC,1
,Raúl Jiménez *,Wolverhampton Wanderers,1
,Richard Jobson,"Leeds United,Watford FC,Oldham Athletic",1
,Erland Johnsen,Chelsea FC,1
,Bert Johnson,Charlton Athletic,1
,Bill Johnson,Leeds United,1
,Bradley Johnson *,Norwich City,1
,David Johnson,"Liverpool FC,Ipswich Town,Everton FC",1
,Richard Johnson,Watford FC,1
,Robert Johnson,Luton Town,1
,Craig Johnston,"Middlesbrough FC,Liverpool FC",1
,Harry Johnston,Blackpool FC,1
,Billy Jones,"Sunderland AFC,West Bromwich Albion",1
,Dai Jones,Leicester City,1
,Dave Jones,"Everton FC,Coventry City",1
,David Jones,Norwich City,1
,Jack Jones,Everton FC,1
,Jack Jones,Birmingham City,1
,Matty Jones,"Leeds United,Leicester City",1
,Tommy Jones,Everton FC,1
,Vinnie Jones,"Chelsea FC,Sheffield United,Wimbledon FC",1
,Stephen Jordan,Burnley FC,1
, José Sá *,Wolverhampton Wanderers,1
,Nikola Jovanović,Manchester United,1
, Júlio César,Queens Park Rangers,1
, Junior Firpo *,Leeds United,1
,James Justin *,Leicester City,1
,Christian Kabasele *,Watford FC,1
1001,John Kay,Arsenal FC,1
,Eric Keen,Derby County,1
,Michael Keen,Queens Park Rangers,1
,Fred Keenor,Cardiff City,1
,Robert Keetch,Fulham FC,1
,Thilo Kehrer *,West Ham United,1
,Dick Keith,Newcastle United,1
,Gary Kelly,Leeds United,1
,Jerry Kelly,Everton FC,1
,Howard Kendall,"Everton FC,Birmingham City",1
,Jeff Kenna,"Southampton FC,Blackburn Rovers,Birmingham City",1
,Alan Kennedy,"Newcastle United,Liverpool FC",1
,Brian Kilcline,"Coventry City,Oldham Athletic,Notts County",1
,Ian King,Leicester City,1
,Ledley King,Tottenham Hotspur,1
,Stephen Kingsley *,Swansea City,1
,George Kinnell,"Sunderland AFC,Stoke City",1
,Joe Kirkup,"Chelsea FC,Southampton FC,West Ham United",1
,Jock Kirton,Stoke City,1
,Cyril Knowles,Tottenham Hotspur,1
,Robin Koch *,Leeds United,1
,Ibrahima Konaté *,Liverpool FC,1
,Terence Kongolo *,Huddersfield Town,1
,Rob Kozluk,Sheffield United,1
,Juraj Kucka *,Watford FC,1
,George Lackenby,Newcastle United,1
,Ray Lambert,Liverpool FC,1
,Frank Lampard,"Chelsea FC,West Ham United,Manchester City",1
,Derek Lampe,Fulham FC,1
,Bill Lansdowne,West Ham United,1
,Martin Laursen,Aston Villa,1
,Brian Laws,Nottingham Forest,1
,Dean Leacock,Derby County,1
,Sylvain Legwinski,Fulham FC,1
,Cyril Lello,Everton FC,1
,Bernd Leno *,Arsenal FC,1
,Leon Leuty,Derby County,1
,Eddie Lewis,Derby County,1
,Eddie Lewis,"Manchester United,Preston North End,Leyton Orient",1
,Craig Liddle,Middlesbrough FC,1
,Andy Linighan,"Arsenal FC,Norwich City",1
,David Linighan,Ipswich Town,1
,Roy Little,Manchester City,1
,Jake Livermore *,"West Bromwich Albion,Hull City",1
, Llorente,"Tottenham Hotspur,Swansea City",1
,Frank Lock,"Liverpool FC,Charlton Athletic",1
,Kevin Lock,West Ham United,1
,Ruben Loftus-Cheek *,"Chelsea FC,Fulham FC,Crystal Palace",1
,Steve Lomas,"West Ham United,Manchester City",1
,Kevin Long *,Burnley FC,1
1051,Eric Longden,"Leeds United,Blackpool FC",1
,Jonas Lössl *,Huddersfield Town,1
,John Loughlan,Crystal Palace,1
,Eddie Lowe,"Fulham FC,Aston Villa",1
,Wilf Lowton,Wolverhampton Wanderers,1
,Tommy Lucas,Liverpool FC,1
, Lucas Leiva *,Liverpool FC,1
,Romelu Lukaku *,"Manchester United,Chelsea FC,Everton FC,West Bromwich Albion",1
,Bert Lumberg,Wolverhampton Wanderers,1
,John Lyall,West Ham United,1
,Des Lyttle,Nottingham Forest,1
,Gary Mabbutt,Tottenham Hotspur,1
,Alexis Mac Allister *,Brighton & Hove Albion,1
,Malcolm MacDonald,"Newcastle United,Arsenal FC",1
,Ian Mackenzie,Sheffield United,1
,Steve MacKenzie,"Charlton Athletic,West Bromwich Albion,Manchester City",1
,Lawrie Madden,Sheffield Wednesday,1
,Neil Maddison,Southampton FC,1
,Harry Maguire *,"Manchester United,Leicester City,Hull City",1
,Gavin Mahon,Watford FC,1
,John Mahoney,"Middlesbrough FC,Stoke City",1
,Alf Maitland,Newcastle United,1
,Ken Mallender,Sheffield United,1
,Michael Mancienne *,Wolverhampton Wanderers,1
,Malcolm Manley,Leicester City,1
,Tony Marchi,Tottenham Hotspur,1
,Adrian Mariappa *,"Watford FC,Crystal Palace,Reading FC",1
,Steve Marlet,Fulham FC,1
,Billy Marsden,Sheffield Wednesday,1
,Mike Marsh,"Liverpool FC,West Ham United,Coventry City",1
,David Marshall *,Hull City,1
,Alan Martin,Stoke City,1
,Alvin Martin,West Ham United,1
,Raymond Martin,Birmingham City,1
,Nigel Martyn,Leeds United,1
, Mata *,"Manchester United,Chelsea FC",1
,Harry Mather,Burnley FC,1
,Jimmy Mathieson,Middlesbrough FC,1
,Dominic Matteo,"Leeds United,Liverpool FC",1
,David May,"Manchester United,Blackburn Rovers",1
,Thomas McAlister,West Ham United,1
,Gary McAllister,"Leeds United,Leicester City,Liverpool FC,Coventry City",1
,Tony McAndrew,Middlesbrough FC,1
,Tom McAnearney,Sheffield Wednesday,1
,Grant McCann,West Ham United,1
,James McCarthy *,"Everton FC,Wigan Athletic",1
,James McClean *,"Sunderland AFC,West Bromwich Albion",1
,Peter McConnell,Leeds United,1
,David McCreery,"Manchester United,Newcastle United",1
,Lee McCulloch,Wigan Athletic,1
1101,Billy McCullough,Arsenal FC,1
,Les McDowall,Manchester City,1
,John McDowell,"West Ham United,Norwich City",1
,Andy McEvoy,Blackburn Rovers,1
,Iam McFaul,Newcastle United,1
,Mick McGiven,"Sunderland AFC,West Ham United",1
,Eddie McGoldrick,Crystal Palace,1
,John McGrath,"Southampton FC,Newcastle United",1
,Michael McGuire,"Norwich City,Coventry City",1
,Johnny McIlwaine,Portsmouth FC,1
,Jim McInally,Coventry City,1
,Tommy McLain,Sunderland AFC,1
,Jimmy McMullan,Manchester City,1
,Bob McNab,Arsenal FC,1
,Jock McNab,Liverpool FC,1
,Neil McNab,"Bolton Wanderers,Manchester City,Brighton & Hove Albion",1
,Paddy McNair *,Sunderland AFC,1
,Ted McNeill,Sunderland AFC,1
,Mick Meagan,Everton FC,1
,Gary Megson,"Newcastle United,Everton FC,Norwich City,Sheffield Wednesday,Manchester City",1
,Abdoulaye Méïté,West Bromwich Albion,1
,Bill Menzies,Leeds United,1
,Chris Mepham *,AFC Bournemouth,1
,Illan Meslier *,Leeds United,1
,Simon Mignolet *,Liverpool FC,1
,Luděk Mikloško,West Ham United,1
,Stanley Milburn,Leicester City,1
,Luka Milivojević *,Crystal Palace,1
,Harold Miller,Chelsea FC,1
,Paul Miller,"Charlton Athletic,Tottenham Hotspur",1
,Walt Millership,Sheffield Wednesday,1
,Danny Mills,"Leeds United,Middlesbrough FC,Charlton Athletic,Manchester City",1
,Alexander Milne,Cardiff City,1
,Gordon Milne,"Liverpool FC,Preston North End",1
,James Milner *,"Leeds United,Newcastle United,Liverpool FC,Aston Villa,Manchester City",1
,Yerry Mina *,Everton FC,1
,Ray Minshull,Liverpool FC,1
,Scott Minto,"Chelsea FC,Charlton Athletic",1
,Bobby Moncur,Newcastle United,1
,Bobby Moore,West Ham United,1
,Darren Moore,West Bromwich Albion,1
,Eric Moore,Everton FC,1
,Kevin Moran,"Manchester United,Blackburn Rovers",1
,Gerry Morgan,Nottingham Forest,1
,Lew Morgan,Portsmouth FC,1
,George Morrall,Birmingham City,1
,Bill Morris,Wolverhampton Wanderers,1
,Chris Morris,Middlesbrough FC,1
,Johnny Morris,"Derby County,Manchester United,Leicester City",1
,Peter Morris,"Ipswich Town,Norwich City",1
1151,Willie Morrison,Sunderland AFC,1
,Tommy Mort,Aston Villa,1
,Harry Morton,Aston Villa,1
,Adie Moses,Barnsley FC,1
,Frank Mountford,Stoke City,1
,Lys Mousset *,"AFC Bournemouth,Sheffield United",1
,Tony Mowbray,Middlesbrough FC,1
,Bert Mozley,Derby County,1
,Alan Mullery,"Tottenham Hotspur,Fulham FC",1
,Frank Munro,Wolverhampton Wanderers,1
,Iain Munro,"Sunderland AFC,Stoke City",1
,Malcolm Munro,Leicester City,1
,Daryl Murphy,Sunderland AFC,1
,Andrew Myers,"Chelsea FC,Bradford City",1
,Boaz Myhill,Hull City,1
,Bruno N'Gotty,Bolton Wanderers,1
,Lilian Nalis,Leicester City,1
,Gary Naysmith,Everton FC,1
,Phil Neal,Liverpool FC,1
,David Needham,"Nottingham Forest,Queens Park Rangers",1
,Lucas Neill,"West Ham United,Blackburn Rovers",1
,Warren Neill,Queens Park Rangers,1
,Ryan Nelsen,"Blackburn Rovers,Queens Park Rangers",1
,Sammy Nelson,"Arsenal FC,Brighton & Hove Albion",1
, Nélson Semedo *,Wolverhampton Wanderers,1
,Stuart Nethercott,Tottenham Hotspur,1
,Gary Neville,Manchester United,1
,Mike Newell,"Blackburn Rovers,Everton FC,Luton Town",1
,Jon Newsome,"Leeds United,Norwich City,Sheffield Wednesday",1
,Billy Newton,Leicester City,1
,Henry Newton,"Derby County,Everton FC,Nottingham Forest",1
,Keith Newton,"Blackburn Rovers,Everton FC,Burnley FC",1
,Jack Nicholas,Derby County,1
,Jimmy Nicholl,Manchester United,1
,Norman Nielson,Derby County,1
,Gordon Nisbet,West Bromwich Albion,1
,Geremi Njitap,"Chelsea FC,Newcastle United,Middlesbrough FC",1
,Mark Noble,West Ham United,1
,Kevin Nolan,"Newcastle United,West Ham United,Bolton Wanderers",1
,Geoff Nulty,"Newcastle United,Everton FC,Burnley FC",1
,George O'Brien,Leeds United,1
,Joey O'Brien,West Ham United,1
,Peter O'Dowd,"Blackburn Rovers,Burnley FC",1
,Frank O'Farrell,Preston North End,1
,John O'Hare,Chelsea FC,1
,David O'Leary,Arsenal FC,1
,Sid O'Linn,Charlton Athletic,1
,John O'Neill,Leicester City,1
,Keith O'Neill,Middlesbrough FC,1
,Alan Oakes,Manchester City,1
1201,Jimmy Oakes,Charlton Athletic,1
,Graham Oates,Newcastle United,1
,Leslie Odell,Chelsea FC,1
,Denis Odoi *,Fulham FC,1
,Angelo Ogbonna *,West Ham United,1
,John Ogilvie,Leicester City,1
,Martin Olsson *,"Blackburn Rovers,Norwich City,Swansea City",1
,Brendan Ormsby,Aston Villa,1
,Nicolás Otamendi *,Manchester City,1
,Heini Otto,Middlesbrough FC,1
,Bryan Oviedo,Everton FC,1
,Gary Owers,Sunderland AFC,1
,Alex Oxlade-Chamberlain *,"Liverpool FC,Arsenal FC",1
,Dave Pacey,Luton Town,1
,Malcolm Page,Birmingham City,1
,Noé Pamarot,"Tottenham Hotspur,Portsmouth FC",1
,Costel Pantilimon,Manchester City,1
,Glyn Pardoe,Manchester City,1
,Phil Parkes,Queens Park Rangers,1
,Bill Paterson,Newcastle United,1
,Roy Paul,Manchester City,1
,Andy Peake,"Leicester City,Charlton Athletic",1
,John Peddelty,Ipswich Town,1
,Michael Pejic,"Everton FC,Stoke City",1
,John Pemberton,"Crystal Palace,Sheffield United",1
,Mark Pembridge,"Fulham FC,Everton FC,Sheffield Wednesday,Luton Town",1
,Garry Pendrey,Birmingham City,1
, Pepe Reina *,Liverpool FC,1
,Romain Perraud *,Southampton FC,1
,Bill Perry,Blackpool FC,1
,Chris Perry,"Charlton Athletic,Tottenham Hotspur,Wimbledon FC",1
,Martin Peters,"Tottenham Hotspur,West Ham United,Norwich City",1
,Dan Petrescu,"Chelsea FC,Southampton FC,Sheffield Wednesday,Bradford City",1
,Jimmy Phillips,"Middlesbrough FC,Bolton Wanderers",1
,Ron Phoenix,Manchester City,1
,Reg Pickett,Portsmouth FC,1
,Erik Pieters *,"Stoke City,Burnley FC",1
,Geoff Pike,West Ham United,1
,Frank Pingel,Newcastle United,1
,Ethan Pinnock *,Brentford FC,1
,Richie Pitt,Sunderland AFC,1
,Neil Pointon,"Everton FC,Manchester City,Oldham Athletic",1
,Steve Potts,West Ham United,1
,Barry Powell,"Derby County,Wolverhampton Wanderers,Coventry City",1
,Darryl Powell,Derby County,1
,Steve Powell,Derby County,1
,Steven Pressley,Coventry City,1
,Christopher Price,Aston Villa,1
,David Prutton,Southampton FC,1
,Franck Queudrue,"Middlesbrough FC,Fulham FC",1
1251,Niall Quinn,"Sunderland AFC,Arsenal FC,Manchester City",1
,Tomasz Radzinski,"Fulham FC,Everton FC",1
,David Raitt,Everton FC,1
,Peter Ramage,Newcastle United,1
,Barney Ramsden,Liverpool FC,1
,Aaron Ramsey *,Arsenal FC,1
,Jacob Ramsey *,Aston Villa,1
,Willie Rankin,Blackburn Rovers,1
,Frank Rankmore,Cardiff City,1
,Kevin Ratcliffe,Everton FC,1
,Charlie Rattray,Blackpool FC,1
,Colin Rawson,Sheffield United,1
,Paul Reaney,Leeds United,1
,Steve Redmond,"Manchester City,Oldham Athletic",1
,Maurice Reeday,Leicester City,1
, Reguilón *,Tottenham Hotspur,1
,Steven Reid,"Blackburn Rovers,West Bromwich Albion",1
,Nigel Reo-Coker,"West Ham United,Bolton Wanderers,Aston Villa",1
,Brian Richardson,Sheffield United,1
,Garbutt Richardson,Preston North End,1
,Joe Richardson,Newcastle United,1
,Michael Ricketts,"Middlesbrough FC,Bolton Wanderers",1
,Liam Ridgewell,"Aston Villa,West Bromwich Albion,Birmingham City",1
,Sascha Riether,Fulham FC,1
,John Arne Riise,"Liverpool FC,Fulham FC",1
,Arthur Riley,Liverpool FC,1
,John Ritchie,"Sheffield Wednesday,Stoke City",1
,Matt Ritchie *,"Newcastle United,AFC Bournemouth",1
,Graham Rix,Arsenal FC,1
,Walter Robbins,"West Bromwich Albion,Cardiff City",1
, Roberto,West Ham United,1
,Brian Roberts,Coventry City,1
,Graham Roberts,"Chelsea FC,Tottenham Hotspur",1
,Harry Roberts,Leeds United,1
,Dave Robinson,Leeds United,1
,Bryan Robson,"Manchester United,West Bromwich Albion",1
,Bill Rochford,Portsmouth FC,1
,William Rodaway,Burnley FC,1
,Dave Rollo,Blackburn Rovers,1
,Wayne Rooney,"Manchester United,Everton FC",1
,Matthew Rose,Arsenal FC,1
,Albert Ross,Middlesbrough FC,1
,Ian Ross,Liverpool FC,1
,Trevor Ross,"Arsenal FC,Everton FC",1
,Wilf Rostron,"Arsenal FC,Watford FC",1
,George Roughton,Huddersfield Town,1
,Tommy Rowe,Portsmouth FC,1
,Gary Rowett,"Derby County,Leicester City,Charlton Athletic",1
,Éric Roy,Sunderland AFC,1
, Rúben Dias *,Manchester City,1
1301,Willie Russell,Chelsea FC,1
,Cyril Rutter,Portsmouth FC,1
,John Ryan,"Norwich City,Luton Town",1
,Vaughan Ryan,Wimbledon FC,1
,John Ryden,Tottenham Hotspur,1
,Ted Sagar,Everton FC,1
,Bukayo Saka *,Arsenal FC,1
,William Saliba *,Arsenal FC,1
,Bob Salmond,Portsmouth FC,1
,Christopher Samba,Blackburn Rovers,1
,Jimmy Sanders,West Bromwich Albion,1
,Kenny Sansom,"Arsenal FC,Everton FC,Coventry City,Crystal Palace",1
,Pat Saward,Aston Villa,1
,Romaine Sawyers *,West Bromwich Albion,1
,George Scaife,Leeds United,1
,John Scales,"Liverpool FC,Wimbledon FC",1
,Paul Scharner,"West Bromwich Albion,Wigan Athletic",1
,Sebastien Schemmel,West Ham United,1
,Jeffrey Schlupp *,"Leicester City,Crystal Palace",1
,Paul Scholes,Manchester United,1
,Bill Scott,Preston North End,1
,Jimmy Scoular,"Newcastle United,Portsmouth FC",1
,Jimmy Seddon,Bolton Wanderers,1
,Bobby Seith,Burnley FC,1
,John Sellars,Stoke City,1
,Philippe Senderos,"Arsenal FC,Fulham FC",1
, Sergi Canós *,Brentford FC,1
,Maurice Setters,"Manchester United,West Bromwich Albion,Coventry City,Stoke City",1
,Jason Shackell,Burnley FC,1
,Don Shanks,"Queens Park Rangers,Luton Town",1
,Graeme Sharp,"Everton FC,Oldham Athletic",1
,Bernard Shaw,"Wolverhampton Wanderers,Sheffield United",1
,Graham Shaw,Sheffield United,1
,Luke Shaw *,Manchester United,1
,Ken Shellito,Chelsea FC,1
,Jonjo Shelvey *,"Newcastle United,Liverpool FC,Swansea City",1
,Alf Sherwood,Cardiff City,1
,Tim Sherwood,"Tottenham Hotspur,Blackburn Rovers,Norwich City",1
,Peter Shilton,"Southampton FC,Leicester City",1
,Danny Shittu,"Bolton Wanderers,Watford FC",1
,Jack Short,Wolverhampton Wanderers,1
,Malcolm Shotton,Oxford United,1
,Norman Sidey,Arsenal FC,1
,Francisco Sierralta *,Watford FC,1
,Jack Simpson *,AFC Bournemouth,1
,Ronnie Simpson,Newcastle United,1
,Terry Simpson,West Bromwich Albion,1
,Chris Sims,Blackburn Rovers,1
,Nigel Sims,Aston Villa,1
,Laurie Sivell,Ipswich Town,1
1351,Alan Skirton,"Arsenal FC,Blackpool FC",1
,Harry Skitt,Tottenham Hotspur,1
,Bill Slater,"Wolverhampton Wanderers,Blackpool FC",1
,Tom Smalley,Wolverhampton Wanderers,1
,Adam Smith *,AFC Bournemouth,1
,Alan Smith,"Leeds United,Manchester United",1
,Billy Smith,Portsmouth FC,1
,David Smith,Coventry City,1
,George Smith,Brentford FC,1
,Jimmy Smith,Newcastle United,1
,Thomas Smith,Preston North End,1
,Wilf Smith,"Sheffield Wednesday,Coventry City",1
,Nolberto Solano,"Newcastle United,West Ham United,Aston Villa",1
,Alex Song *,Arsenal FC,1
,Rigobert Song,Liverpool FC,1
,Pape Souaré,Crystal Palace,1
,Graeme Souness,"Middlesbrough FC,Liverpool FC",1
,Thomas Sørensen,Stoke City,1
,Gary Speed,"Leeds United,Newcastle United,Bolton Wanderers,Everton FC",1
,Billy Spencer,Stoke City,1
,Charles Spencer,Newcastle United,1
,Eddie Spicer,Liverpool FC,1
,Nigel Spink,Aston Villa,1
,Sébastien Squillaci,Arsenal FC,1
,Jaap Stam,Manchester United,1
,Ron Staniforth,Huddersfield Town,1
,Gary Stanley,"Chelsea FC,Everton FC,Swansea City",1
,Graham Stanley,Bolton Wanderers,1
,Derek Statham,"Southampton FC,West Bromwich Albion",1
,Steve Staunton,Aston Villa,1
,Richard Stearman *,Wolverhampton Wanderers,1
,Willie Steel,Liverpool FC,1
,Jim Steele,Southampton FC,1
,Dejan Stefanović,"Sheffield Wednesday,Portsmouth FC",1
,Grétar Steinsson,Bolton Wanderers,1
,Maarten Stekelenburg *,Everton FC,1
,Jack Stelling,Sunderland AFC,1
,Jimmy Stephen,Portsmouth FC,1
,Mel Sterland,"Leeds United,Sheffield Wednesday",1
,Dennis Stevens,"Bolton Wanderers,Everton FC",1
,Nigel Stevenson,Swansea City,1
,Willie Stevenson,"Liverpool FC,Stoke City",1
,Jordan Stewart,"Leicester City,Watford FC",1
,Paul Stewart,"Sunderland AFC,Liverpool FC,Tottenham Hotspur,Manchester City",1
,Ray Stewart,West Ham United,1
,David Stockdale *,Fulham FC,1
,John Stones *,"Everton FC,Manchester City",1
,Alan Stubbs,"Sunderland AFC,Bolton Wanderers,Everton FC",1
,Arthur Styles,Birmingham City,1
,Michael Svensson,Southampton FC,1
1401,Chris Swailes,Ipswich Town,1
,Peter Swan,Sheffield Wednesday,1
, Sylvinho,Arsenal FC,1
,Gerry Taggart,"Leicester City,Bolton Wanderers",1
,John Talbut,West Bromwich Albion,1
,Gabriel Tamaş,West Bromwich Albion,1
,Matt Targett *,"Southampton FC,Aston Villa",1
,Mauricio Taricco,Tottenham Hotspur,1
,James Tarkowski *,Burnley FC,1
,Michael Tarnat,Manchester City,1
,Joe Tate,Aston Villa,1
,Ken Taylor,Blackburn Rovers,1
,Ken Taylor,Huddersfield Town,1
,Martin Taylor,"Blackburn Rovers,Birmingham City",1
,Matthew Taylor,"West Ham United,Bolton Wanderers,Portsmouth FC",1
,Steven Taylor,Newcastle United,1
,Ted Taylor,Everton FC,1
,Jack Tennant,Bolton Wanderers,1
,David Thackeray,Portsmouth FC,1
,Luke Thomas *,Leicester City,1
,Mickey Thomas,"Manchester United,Chelsea FC,Stoke City",1
,David Thompson,"Liverpool FC,Blackburn Rovers,Coventry City,Wigan Athletic",1
,Max Thompson,Swansea City,1
,Neil Thompson,Ipswich Town,1
,Phil Thompson,Liverpool FC,1
,Thomas Thompson,Blackpool FC,1
,Bobby Thomson,"Aston Villa,Wolverhampton Wanderers,Birmingham City",1
,Jock Thomson,Everton FC,1
,Dennis Thrower,Ipswich Town,1
,Andy Todd,"Derby County,Charlton Athletic,Bolton Wanderers,Blackburn Rovers",1
,Bob Tomlinson,Blackburn Rovers,1
,Bert Trautmann,Manchester City,1
,Cyril Trigg,Birmingham City,1
,Axel Tuanzebe *,Manchester United,1
,John Tudor,"Newcastle United,Coventry City,Stoke City",1
,Ross Turnbull,Middlesbrough FC,1
,Arthur Tutin,Stoke City,1
,Geoff Twentyman,Liverpool FC,1
,Derek Ufton,Charlton Athletic,1
,Robert Ullathorne,"Leicester City,Norwich City",1
,Brian Usher,Sheffield Wednesday,1
,Anthony Vanden Borre,Portsmouth FC,1
,Jamie Vardy *,Leicester City,1
,Stanislav Varga,Sunderland AFC,1
,David Vaughan,"Sunderland AFC,Blackpool FC",1
,Juan Sebastián Verón,"Manchester United,Chelsea FC",1
,Jan Vertonghen *,Tottenham Hotspur,1
,Nemanja Vidić,Manchester United,1
,Colin Viljoen,"Ipswich Town,Manchester City",1
,Ned Vincent,Grimsby Town,1
1451,Ron Vlaar,Aston Villa,1
,Moritz Volz,Fulham FC,1
,Reg Wade,West Ham United,1
,Tony Waiters,Blackpool FC,1
,Colin Waldron,"Sunderland AFC,Burnley FC",1
,David Walker,"Southampton FC,Burnley FC",1
,Ian Walker,Leicester City,1
,Tommy Walker,Sheffield Wednesday,1
,Ray Wallace,"Leeds United,Southampton FC",1
,Gary Walsh,Manchester United,1
,Mike Walsh,Bolton Wanderers,1
,Steve Walsh,Leicester City,1
,Anthony Want,"Tottenham Hotspur,Birmingham City",1
,Joel Ward *,Crystal Palace,1
,Paul Warhurst,"Bolton Wanderers,Blackburn Rovers,Sheffield Wednesday,Crystal Palace",1
,Roy Warhurst,"Manchester City,Birmingham City,Sheffield United",1
,Tony Warner,Fulham FC,1
,Freddie Warren,"Middlesbrough FC,Cardiff City",1
,George Waterfield,Burnley FC,1
,Dave Watson,"Southampton FC,Manchester City,Stoke City",1
,Norman Watson,Leicester City,1
,Willie Watson,Sunderland AFC,1
,Johnny Watts,Birmingham City,1
,Sam Weaver,"Chelsea FC,Newcastle United",1
,Maurice Webster,Middlesbrough FC,1
,Ron Webster,Derby County,1
,Roy Wegerle,"Chelsea FC,Blackburn Rovers,Queens Park Rangers,Coventry City,Luton Town",1
,David Weir,Everton FC,1
,Keith Weller,"Chelsea FC,Leicester City,Tottenham Hotspur",1
,Taribo West,Derby County,1
,Sander Westerveld,Liverpool FC,1
,Ashley Westwood *,"Aston Villa,Burnley FC",1
,David Wetherall,"Leeds United,Bradford City",1
,Bill Whatley,Tottenham Hotspur,1
,Dave Whelan,Blackburn Rovers,1
,Glenn Whelan *,Stoke City,1
,Noel Whelan,"Leeds United,Middlesbrough FC,Coventry City",1
,Phil Whelan,"Middlesbrough FC,Ipswich Town",1
,Ronnie Whelan,Liverpool FC,1
,Ben White *,Arsenal FC,1
,Jeff Whitefoot,Nottingham Forest,1
,Bobby Whitehead,Newcastle United,1
,Mike Whitlow,"Leeds United,Leicester City",1
,Chris Whyte,"Leeds United,Arsenal FC",1
,John Whyte,Blackburn Rovers,1
,Harry Wilkes,Derby County,1
,Andy Wilkinson,Stoke City,1
,Mark Williams,Watford FC,1
,Thomas Williams,Leicester City,1
,Mike Williamson *,Newcastle United,1
1501,Alec Wilson,Portsmouth FC,1
,Bob Wilson,Preston North End,1
,Jack Wilson,Manchester United,1
,Marc Wilson,"Portsmouth FC,Stoke City",1
,Terry Wilson,Nottingham Forest,1
,Kevin Wimmer *,Tottenham Hotspur,1
,Dean Windass,"Middlesbrough FC,Bradford City",1
,Nigel Winterburn,"West Ham United,Arsenal FC,Wimbledon FC",1
,Peter Withe,"Aston Villa,Nottingham Forest,Wolverhampton Wanderers,Birmingham City",1
,Colin Withers,Aston Villa,1
,Frank Womack,Birmingham City,1
,Chris Wood *,"Newcastle United,Leicester City,Burnley FC",1
,Steve Wood,Millwall FC,1
,David Woodfield,Wolverhampton Wanderers,1
,Colin Woodthorpe,Norwich City,1
,Arnold Woollard,Newcastle United,1
,Nigel Worthington,"Leeds United,Sheffield Wednesday,Notts County",1
,Stephen Wright,Sunderland AFC,1
,Jasper Yeuell,Portsmouth FC,1
,Joseph Yobo,Everton FC,1
,Ashley Young *,"Manchester United,Aston Villa,Watford FC",1
,Dick Young,Sheffield United,1
,Eric Young,"Crystal Palace,Wimbledon FC",1
,Luke Young,"Middlesbrough FC,Charlton Athletic,Aston Villa,Queens Park Rangers",1
,Willie Young,"Tottenham Hotspur,Arsenal FC,Nottingham Forest",1
, Zanka *,"Huddersfield Town,Brentford FC",1
